{"cameraMode":{"drawMode":0,"name":"Shaded","section":"Shading Mode"},"sceneLighting":true,"audioPlay":false,"sceneViewState":{"showFog":true,"showMaterialUpdate":false,"showSkybox":true,"showFlares":true,"showImageEffects":true,"showParticleSystems":true},"in2DMode":false,"pivot":{"x":-74.09178924560547,"y":-67.37692260742188,"z":-25.320993423461915},"rotation":{"x":-0.11236364394426346,"y":0.06017513945698738,"z":-0.00682098837569356,"w":-0.9918274879455566},"size":1056.6375732421875,"orthographic":false}